USE [MinistoreManagement]
GO
SET IDENTITY_INSERT [dbo].[role] ON
GO
insert into [dbo].[role]([role_id],[name],[base_salary],[is_deleted]) values(1,'admin',null,0)
GO
insert into [dbo].[role]([role_id],[name],[base_salary],[is_deleted]) values(2,'saler',20000.00,0)
GO
insert into [dbo].[role]([role_id],[name],[base_salary],[is_deleted]) values(3,'guard',15000.00,0)
GO
SET IDENTITY_INSERT [dbo].[role] OFF
GO
SET IDENTITY_INSERT [dbo].[tbl_user] ON 
GO
insert into [dbo].[tbl_user]([user_id],[name],[email],[password],[phone],[address],[role_id],[is_deleted],[dob],[gender],[user_img]) values(1,'admin','admin@gmail.com','Hello123','0931311835','111 test street',1,'false','2003-05-14',0,N'https://img.freepik.com/premium-photo/woman-wearing-microphone-headset-working-call-center-office_8087-3585.jpg?w=996')
GO
insert into [dbo].[tbl_user]([user_id],[name],[email],[password],[phone],[address],[role_id],[is_deleted],[dob],[gender],[user_img]) values(2,'saler1','saler1@gmail.com','Hello123','0931311835','111 test street',2,'false','2003-05-14',0,N'https://img.freepik.com/free-photo/portrait-beautiful-happy-woman-carry-boxes-with-orders-businesswoman-with-carry-delivery-showing-okay-sign-white-background_1258-88745.jpg?w=996&t=st=1690652635~exp=1690653235~hmac=a92b52d8ddfd0e4566845bcba29bf3d5915ff80cd4ecd9d4d303bdb1b1dc08be')
GO
insert into [dbo].[tbl_user]([user_id],[name],[email],[password],[phone],[address],[role_id],[is_deleted],[dob],[gender],[user_img]) values(3,'saler2','saler2@gmail.com','Hello123','0931311835','111 test street',2,'false','2003-05-14',0,N'https://img.freepik.com/free-photo/beautiful-smart-asian-young-entrepreneur-business-woman-owner-sme-checking-product-stock-scan-qr-code-working-home_7861-1369.jpg?w=996&t=st=1690652658~exp=1690653258~hmac=170572449934a2a8ae449f8310ff249786cce9b90bdcb8aa0b4d2a8465d49f7b')
GO
insert into [dbo].[tbl_user]([user_id],[name],[email],[password],[phone],[address],[role_id],[is_deleted],[dob],[gender],[user_img]) values(4,'guard1','guard1@gmail.com','Hello123','0931311835','111 test street',3,'false','2003-05-14',1,N'https://img.freepik.com/free-photo/portrait-male-security-guard-with-radio-station-camera-screens_23-2150368718.jpg?w=996&t=st=1690652750~exp=1690653350~hmac=6843ffec0e831b90ed827225e143100f4468e4863ec0d6bdbc9f3103427f550b')
GO
insert into [dbo].[tbl_user]([user_id],[name],[email],[password],[phone],[address],[role_id],[is_deleted],[dob],[gender],[user_img]) values(5,'guard2','guard2@gmail.com','Hello123','0931311835','111 test street',3,'false','2003-05-14',1,N'https://img.freepik.com/premium-photo/police-officer-medical-mask_274689-13738.jpg?size=626&ext=jpg&ga=GA1.2.567908103.1690652556&semt=sph')
GO
insert into [dbo].[tbl_user]([user_id],[name],[email],[password],[phone],[address],[role_id],[is_deleted],[dob],[gender],[user_img]) values(6,'saler3','saler3@gmail.com','Hello123','0931311835','111 test street',2,'false','2003-05-14',0,N'https://img.freepik.com/free-photo/lifestyle-business-people-holding-laptop-computer-office-desk_1150-10180.jpg?w=996&t=st=1690652681~exp=1690653281~hmac=595f09aa6273d6bd391c24fc05cdfa99f2925aa0ae51c8e0052512366fa93ef9')
GO
insert into [dbo].[tbl_user]([user_id],[name],[email],[password],[phone],[address],[role_id],[is_deleted],[dob],[gender],[user_img]) values(7,'guard3','guard3@gmail.com','Hello123','0931311835','111 test street',3,'false','2003-05-14',1,N'https://img.freepik.com/premium-photo/police-dog-duty-finding-bomb-event_39476-258.jpg?w=996')
GO
SET IDENTITY_INSERT [dbo].[tbl_user] OFF
GO
insert into [dbo].[shift]([name],[start_work_hour],[end_work_hour],[coefficient]) values('saler-morning',6,12,1),
('saler-afternoon',12,18,1),
('saler-night',18,6,1.5),
('guard-day',6,18,1),
('guard-night',18,6,1.5)


INSERT INTO [dbo].[product_type] ([name])
VALUES('Vegetables'),('Drink'),('Food'),('Snacks')

SET IDENTITY_INSERT [dbo].[product] ON 
GO
INSERT [dbo].[product] ([product_id], [name], [quantity], [product_type_id], [price], [cost], [product_img], [product_code], [is_deleted]) VALUES (22, N'6 lon nước ngọt Coca Cola 320ml', 23, 1, 60000, 30000, N'https://cdn.tgdd.vn/Products/Images/2443/125398/bhx/6-lon-nuoc-ngot-coca-cola-320ml-202303301632485062_300x300.jpg', N'1231233312', NULL)
GO
INSERT [dbo].[product] ([product_id], [name], [quantity], [product_type_id], [price], [cost], [product_img], [product_code], [is_deleted]) VALUES (23, N'6 lon soda Schweppes 320ml', 22, 1, 40000, 20000, N'https://cdn.tgdd.vn/Products/Images/2443/128857/bhx/6-lon-soda-schweppes-320ml-202303301629044011_300x300.jpg', N'1231233312', NULL)
GO
INSERT [dbo].[product] ([product_id], [name], [quantity], [product_type_id], [price], [cost], [product_img], [product_code], [is_deleted]) VALUES (24, N'6 chai nước ngọt Pepsi Cola 390ml', 21, 1, 40000, 20000, N'https://cdn.tgdd.vn/Products/Images/2443/83823/bhx/6-chai-nuoc-ngot-pepsi-cola-390ml-202212122325242919_300x300.jpg', N'1231233312', NULL)
GO
INSERT [dbo].[product] ([product_id], [name], [quantity], [product_type_id], [price], [cost], [product_img], [product_code], [is_deleted]) VALUES (25, N'6 lon sá xị Chương Dương Sleek 330ml', 21, 1, 50000, 30000, N'https://cdn.tgdd.vn/Products/Images/2443/196004/bhx/6-lon-sa-xi-chuong-duong-sleek-330ml-202212201606030258_300x300.jpg', N'1231233312', NULL)
GO
INSERT [dbo].[product] ([product_id], [name], [quantity], [product_type_id], [price], [cost], [product_img], [product_code], [is_deleted]) VALUES (26, N'6 lon nước ngọt 7 Up chanh 330ml', 22, 1, 58600 , 38600, N'https://cdn.tgdd.vn/Products/Images/2443/198121/bhx/6-lon-nuoc-ngot-7-up-vi-chanh-320ml-202212201112261768_300x300.jpg', N'1231233312', NULL)
GO
INSERT [dbo].[product] ([product_id], [name], [quantity], [product_type_id], [price], [cost], [product_img], [product_code], [is_deleted]) VALUES (27, N'6 lon nước ngọt Sprite chanh 320ml', 27, 1, 56000, 36000, N'https://cdn.tgdd.vn/Products/Images/2443/195224/bhx/6-lon-nuoc-ngot-sprite-huong-chanh-320ml-202303302259217748_300x300.jpg', N'1231233312', NULL)
GO
INSERT [dbo].[product] ([product_id], [name], [quantity], [product_type_id], [price], [cost], [product_img], [product_code], [is_deleted]) VALUES (28, N'6 lon nước ngọt Mirinda soda kem 320ml', 22, 1, 58000, 38000, N'https://cdn.tgdd.vn/Products/Images/2443/195220/bhx/6-lon-nuoc-ngot-mirinda-vi-soda-kem-320ml-202212122338292664_300x300.jpg', N'1231233312', NULL)
GO
INSERT [dbo].[product] ([product_id], [name], [quantity], [product_type_id], [price], [cost], [product_img], [product_code], [is_deleted]) VALUES (29, N'2 chai nước ngọt Coca Cola Zero 600ml', 20, 1, 15000, 5000, N'https://cdn.tgdd.vn/Products/Images/2443/307819/bhx/2-chai-nuoc-ngot-co-ga-coca-cola-zero-600ml-202305191506424529_300x300.jpg', N'1231233312', NULL)
GO
INSERT [dbo].[product] ([product_id], [name], [quantity], [product_type_id], [price], [cost], [product_img], [product_code], [is_deleted]) VALUES (30, N'2 chai Fanta soda kem trái cây 600ml', 20, 1, 15000,5000, N'https://cdn.tgdd.vn/Products/Images/2443/307816/bhx/2-chai-nuoc-ngot-co-ga-fanta-huong-soda-kem-trai-cay-600ml-202305191450342769_300x300.jpg', N'1231233312', NULL)
GO
INSERT [dbo].[product] ([product_id], [name], [quantity], [product_type_id], [price], [cost], [product_img], [product_code], [is_deleted]) VALUES (31, N'2 chai nước ngọt Sprite chanh 600ml', 20, 1, 15000, 5000, N'https://cdn.tgdd.vn/Products/Images/2443/307811/bhx/2-chai-nuoc-ngot-sprite-huong-chanh-600ml-202305191441173036_300x300.jpg', N'1231233312', 0)
GO
INSERT [dbo].[product] ([product_id], [name], [quantity], [product_type_id], [price], [cost], [product_img], [product_code], [is_deleted]) VALUES (32, N'Thùng 24 lon nước ngọt Fanta soda kem 320ml', 22, 1, 196000,176000, N'https://cdn.tgdd.vn/Products/Images/2443/143437/bhx/-202211261057088235_300x300.jpg', N'1231233312', 0)
GO
INSERT [dbo].[product] ([product_id], [name], [quantity], [product_type_id], [price], [cost], [product_img], [product_code], [is_deleted]) VALUES (33, N'6 chai nước ngọt Pepsi Cola 600ml', 28, 1, 58000, 38000, N'https://cdn.tgdd.vn/Products/Images/2443/306894/bhx/6-chai-nuoc-ngot-pepsi-cola-chai-600ml-202305052254594952_300x300.jpg', N'1231233312', 0)
GO
INSERT [dbo].[product] ([product_id], [name], [quantity], [product_type_id], [price], [cost], [product_img], [product_code], [is_deleted]) VALUES (34, N'6 lon nước ngọt Fanta xá xị 320ml', 23, 1, 56000, 36000, N'https://cdn.tgdd.vn/Products/Images/2443/195231/bhx/6-lon-nuoc-ngot-fanta-huong-xa-xi-320ml-202212011421008064_300x300.jpg', N'1231233312', 0)
GO
INSERT [dbo].[product] ([product_id], [name], [quantity], [product_type_id], [price], [cost], [product_img], [product_code], [is_deleted]) VALUES (35, N'6 lon nước ngọt Fanta soda kem 320ml', 20, 1, 56000, 36000, N'https://cdn.tgdd.vn/Products/Images/2443/143436/bhx/6-lon-nuoc-ngot-fanta-vi-soda-kem-330ml-202212181654448976_300x300.jpg', N'1231233312', 0)
GO
INSERT [dbo].[product] ([product_id], [name], [quantity], [product_type_id], [price], [cost], [product_img], [product_code], [is_deleted]) VALUES (36, N'6 lon nước ngọt Fanta nho 320ml', 20, 1, 56000, 36000, N'https://cdn.tgdd.vn/Products/Images/2443/282394/bhx/6-lon-nuoc-ngot-fanta-huong-nho-320ml-202210101550083419_300x300.jpg', N'1231233312', 0)
GO
INSERT [dbo].[product] ([product_id], [name], [quantity], [product_type_id], [price], [cost], [product_img], [product_code], [is_deleted]) VALUES (37, N'6 lon nước ngọt Fanta cam 320ml', 23, 1, 56000, 36000, N'https://cdn.tgdd.vn/Products/Images/2443/193332/bhx/6-lon-nuoc-ngot-fanta-huong-cam-320ml-202210081539309685_300x300.jpg', N'1231233312', 0)
GO
INSERT [dbo].[product] ([product_id], [name], [quantity], [product_type_id], [price], [cost], [product_img], [product_code], [is_deleted]) VALUES (38, N'6 chai nước ngọt Coca Cola Zero 600ml', 24, 1, 45000, 25000, N'https://cdn.tgdd.vn/Products/Images/2443/231530/bhx/6-chai-nuoc-ngot-co-ga-coca-cola-zero-600ml-202210082143005250_300x300.jpg', N'1231233312', 0)
GO
INSERT [dbo].[product] ([product_id], [name], [quantity], [product_type_id], [price], [cost], [product_img], [product_code], [is_deleted]) VALUES (39, N'6 chai nước ngọt Sprite chanh 600ml', 23, 1, 45000 , 25000, N'https://cdn.tgdd.vn/Products/Images/2443/203161/bhx/6-chai-nuoc-ngot-sprite-huong-chanh-600ml-202210081801263321_300x300.jpg', N'1231233312', 0)
GO
INSERT [dbo].[product] ([product_id], [name], [quantity], [product_type_id], [price], [cost], [product_img], [product_code], [is_deleted]) VALUES (40, N'6 chai nước ngọt Fanta soda kem trái cây 600ml', 27, 1, 45000, 25000, N'https://cdn.tgdd.vn/Products/Images/2443/219805/bhx/6-chai-nuoc-ngot-co-ga-fanta-huong-soda-kem-trai-cay-600ml-202210081614040076_300x300.jpg', N'1231233312', 0)
GO
INSERT [dbo].[product] ([product_id], [name], [quantity], [product_type_id], [price], [cost], [product_img], [product_code], [is_deleted]) VALUES (41, N'6 chai nước ngọt Coca Cola 600ml', 30, 1, 45000,25000, N'https://cdn.tgdd.vn/Products/Images/2443/195226/bhx/6-chai-nuoc-ngot-coca-cola-600ml-202210081628531863_300x300.jpg', N'1231233312', 0)
GO
SET IDENTITY_INSERT [dbo].[product] OFF
GO
INSERT INTO [dbo].[product] ([name], [quantity], [product_type_id], [price], [cost], [product_img], [product_code], [is_deleted], [minimum])
VALUES
(N'Coca-Cola', 100, 1, 8000, 6000, 'https://thegioidouong.net/wp-content/uploads/2021/06/coca-300ml-chai-nhua.jpg', '123456789', 0, 50),
(N'Pepsi', 100, 1, 9000, 8000, 'https://product.hstatic.net/1000141988/product/nuoc_ngot_pepsi_lon_320_ml_415ef91bdb15487ab3079155c3635f66.jpg', '12345678', 0, 50),
(N'Hamburger', 100, 2, 40000, 20000, 'https://upload.wikimedia.org/wikipedia/commons/thumb/8/8f/NYC-Diner-Bacon-Cheeseburger.jpg/1200px-NYC-Diner-Bacon-Cheeseburger.jpg', '123456789', 0, 50),
(N'Khoai tây chiên', 100, 2, 35000, 20000, 'https://cdn.tgdd.vn/Files/2020/08/19/1281398/6-cach-lam-khoai-tay-chien-gion-vang-ruom-don-gian-tai-nha-202202161453593202.jpg', '123456789', 0, 50),
(N'Snack khoai tây', 100, 3, 5000, 3000, 'https://cdn.tgdd.vn/Products/Images/3364/79798/bhx/snack-khoai-tay-vi-kim-chi-han-quoc-ostar-goi-30g-202303151644538081.jpg', '123456789', 0, 50),
(N'Bắp rang bơ', 100, 3, 15000, 9000, 'https://cdn.tgdd.vn/Files/2021/08/17/1375862/cach-lam-bap-rang-bo-bang-lo-vi-song-nhanh-don-gian-tai-nha-202108171906156252.jpg', '123456789', 0, 50),
(N'Cà rốt', 100, 4, 20000, 15000, 'https://cdn.tgdd.vn/Files/2019/12/16/1227036/ca-rot-rat-tot-nhung-se-gay-hai-cho-co-the-neu-an-cung-nhung-thuc-pham-nay-202201081509160370.jpeg', '123456789', 0, 50),
(N'Bông cải xanh', 100, 4, 40000, 30000, 'https://cdn.tgdd.vn/Files/2017/01/14/937656/cach-chon-mua-va-bao-quan-bong-cai-xanh-202109301551107504.jpg', '123456789', 0, 50),
(N'Sprite', 100, 1, 7000, 5000, 'https://cdn.tgdd.vn/Products/Images/2443/76471/bhx/nuoc-ngot-sprite-huong-chanh-chai-390ml-202303061335456465.jpg', '123456789', 0, 50),
(N'Nước ép cam', 100, 1, 10000, 8000, 'https://cdn.tgdd.vn/Files/2018/12/06/1136059/10-cong-dung-tuyet-voi-tu-nuoc-ep-cam-ban-nen-biet-201909031955386376.jpg', '123456789', 0, 50),
(N'Sandwich', 100, 2, 45000, 30000, 'https://cdn.tgdd.vn/Files/2021/07/31/1372072/tong-hop-cach-che-bien-banh-mi-sandwich-an-sang-cuc-don-gian-202206041012320556.jpeg', '123456789', 0, 50),
(N'Hot Dog', 100, 2, 20000, 10000, 'https://cdn.tgdd.vn/Files/2020/07/27/1274156/cach-lam-hot-dog-han-quoc-sieu-ngon-be-thich-me-chi-muon-an-nhieu-hon-202007271527104036.jpg', '123456789', 0, 50),
(N'Hỗn hợp hạt và trái cây khô', 100, 3, 30000, 20000, 'https://media3.scdn.vn/img3/2019/12_6/UFX2Eg_simg_de2fe0_250x250_maxb.jpg', '123456789', 0, 50),
(N'Bánh quy', 100, 3, 30000, 25000, 'https://cdn.tgdd.vn/Files/2021/09/10/1381615/3-cach-lam-banh-quy-bang-noi-chien-khong-dau-gion-thom-don-gian-202109101256530443.jpg', '123456789', 0, 50),
(N'Đậu xanh', 100, 4, 30000, 20000, 'https://vinmec-prod.s3.amazonaws.com/images/20200405_015410_553794_cong-dung-cua-do-xanh.max-800x800.jpg', '123456789', 0, 50),
(N'Rau chân vịt', 100, 4, 35000, 25000, 'https://cdn.tgdd.vn/Files/2017/08/23/1015484/rau-bina-la-rau-gi-2_800x447.jpg', '123456789', 0, 50),
(N'Mountain Dew', 100, 1, 10000, 8000, 'https://www.sieuthixanh.com.vn/Upload/products/zoom/Nuoc-ngot-Mountain-Dew-390ml132690945598165534.jpg', '123456789', 0, 50),
(N'Nước ép táo', 100, 1, 10000, 8000, 'https://cdn.tgdd.vn/Files/2019/07/14/1179531/nuoc-ep-tao-co-tac-dung-gi-ma-ai-cung-thi-nhau-uong-201907142251530613.jpg', '123456789', 0, 50),
(N'Pho mát nướng', 100, 2, 10000, 7000, 'https://cdn.tgdd.vn/Files/2020/04/27/1252237/cach-lam-banh-kem-pho-mai-chay-basque-burnt-chee-1-760x367.png', '123456789', 0, 50),
(N'Chocolate', 100, 3, 7000, 5000, 'https://royceindia.com/cdn/shop/products/ChocolateBarBlack_61858ada-bdd2-49c2-b280-4d4df44e7dce_grande.jpg?v=1622177517', '123456789', 0, 50),
(N'Kẹo cao su', 100, 3, 5000, 3000, 'https://cdn.tgdd.vn/Products/Images/4888/79442/bhx/keo-cao-su-extra-sweetmint-vi-202211210834296781.jpg', '123456789', 0, 50),
(N'Gà', 100, 2, 50000, 30000, 'https://cdn.tgdd.vn/Products/Images/8790/239603/bhx/dui-ga-thao-khop-cp-khay-500g-1-3-dui-202202111510245482.jpg', '123456789', 0, 50),
(N'Cần tây', 100, 4, 20000, 15000, 'https://vinmec-prod.s3.amazonaws.com/images/20201123_024130_101417_Can-Tay.max-1800x1800.jpg', '123456789', 0, 50),
(N'Quả bí', 100, 4, 30000, 20000, 'https://cdn.tgdd.vn/2022/07/CookDish/cach-chon-bi-dao-ngon-va-cach-bao-quan-bi-dao-tuoi-ngon-lau-avt-1200x676-1.jpg', '123456789', 0, 50);

INSERT INTO [dbo].[holiday] ([holiday_date],[holiday_name]) VALUES
    ('2023-01-01', N'Tết Dương Lịch'),
    ('2023-01-02', N'Nghỉ Tết Dương Lịch'),
    ('2023-01-21', N'Tết Nguyên Đán'),
    ('2023-01-22', N'Tết Nguyên Đán'),
    ('2023-01-23', N'Tết Nguyên Đán'),
    ('2023-01-24', N'Tết Nguyên Đán'),
    ('2023-01-25', N'Tết Nguyên Đán'),
    ('2023-01-26', N'Tết Nguyên Đán'),
    ('2023-01-27', N'Tết Nguyên Đán'),
    ('2023-04-29', N'Giỗ Tổ Hùng Vương'),
    ('2023-04-30', N'Ngày Thống nhất đất nước'),
    ('2023-05-01', N'Ngày Quốc tế Lao động'),
    ('2023-05-01', N'Nghỉ Giỗ Tổ Hùng Vương'),
    ('2023-05-02', N'Nghỉ Ngày Thống nhất'),
    ('2023-09-02', N'Ngày Quốc khánh'),
    ('2023-09-04', N'Nghỉ Ngày Quốc khánh');
GO
insert into  [dbo].[ticket_type]([name]) values(N'Leave')
insert into  [dbo].[ticket_type]([name]) values(N'Cancle shift')

USE [MinistoreManagement]
GO
/****** Object:  Table [dbo].[user_shift]    Script Date: 7/29/2023 11:08:51 AM ******/
SET IDENTITY_INSERT [dbo].[user_shift] ON 

INSERT [dbo].[user_shift] ([user_shift_id], [user_id], [shift_id], [start_time], [end_time], [is_holiday], [is_weekend], [is_checked_in], [is_checked_out], [check_in_time], [check_out_time], [is_checked_in_late], [is_checked_out_late], [is_paid]) VALUES (1, 2, 1, CAST(N'2023-07-02T06:00:00.190' AS DateTime), CAST(N'2023-07-02T12:00:00.190' AS DateTime), 0, 1, 1, 1, NULL, CAST(N'2023-07-06T13:55:30.603' AS DateTime), NULL, NULL, NULL)
INSERT [dbo].[user_shift] ([user_shift_id], [user_id], [shift_id], [start_time], [end_time], [is_holiday], [is_weekend], [is_checked_in], [is_checked_out], [check_in_time], [check_out_time], [is_checked_in_late], [is_checked_out_late], [is_paid]) VALUES (2, 2, 2, CAST(N'2023-07-02T12:00:00.190' AS DateTime), CAST(N'2023-07-02T18:00:00.190' AS DateTime), 0, 1, 1, 1, NULL, NULL, NULL, NULL, NULL)
INSERT [dbo].[user_shift] ([user_shift_id], [user_id], [shift_id], [start_time], [end_time], [is_holiday], [is_weekend], [is_checked_in], [is_checked_out], [check_in_time], [check_out_time], [is_checked_in_late], [is_checked_out_late], [is_paid]) VALUES (3, 3, 3, CAST(N'2023-07-02T18:00:00.190' AS DateTime), CAST(N'2023-07-03T06:00:00.190' AS DateTime), 0, 1, 1, 1, NULL, NULL, NULL, NULL, NULL)
INSERT [dbo].[user_shift] ([user_shift_id], [user_id], [shift_id], [start_time], [end_time], [is_holiday], [is_weekend], [is_checked_in], [is_checked_out], [check_in_time], [check_out_time], [is_checked_in_late], [is_checked_out_late], [is_paid]) VALUES (4, 4, 4, CAST(N'2023-07-02T06:00:00.190' AS DateTime), CAST(N'2023-07-02T18:00:00.190' AS DateTime), 0, 1, 1, 1, NULL, NULL, NULL, NULL, NULL)
INSERT [dbo].[user_shift] ([user_shift_id], [user_id], [shift_id], [start_time], [end_time], [is_holiday], [is_weekend], [is_checked_in], [is_checked_out], [check_in_time], [check_out_time], [is_checked_in_late], [is_checked_out_late], [is_paid]) VALUES (5, 5, 5, CAST(N'2023-07-02T18:00:00.190' AS DateTime), CAST(N'2023-07-03T06:00:00.190' AS DateTime), 0, 1, 1, 1, NULL, NULL, NULL, NULL, NULL)
INSERT [dbo].[user_shift] ([user_shift_id], [user_id], [shift_id], [start_time], [end_time], [is_holiday], [is_weekend], [is_checked_in], [is_checked_out], [check_in_time], [check_out_time], [is_checked_in_late], [is_checked_out_late], [is_paid]) VALUES (6, 3, 1, CAST(N'2023-07-03T06:00:00.190' AS DateTime), CAST(N'2023-07-03T12:00:00.190' AS DateTime), 0, 0, 1, 1, NULL, NULL, NULL, NULL, NULL)
INSERT [dbo].[user_shift] ([user_shift_id], [user_id], [shift_id], [start_time], [end_time], [is_holiday], [is_weekend], [is_checked_in], [is_checked_out], [check_in_time], [check_out_time], [is_checked_in_late], [is_checked_out_late], [is_paid]) VALUES (7, 3, 2, CAST(N'2023-07-03T12:00:00.190' AS DateTime), CAST(N'2023-07-03T18:00:00.190' AS DateTime), 0, 0, 1, 1, NULL, NULL, NULL, NULL, NULL)
INSERT [dbo].[user_shift] ([user_shift_id], [user_id], [shift_id], [start_time], [end_time], [is_holiday], [is_weekend], [is_checked_in], [is_checked_out], [check_in_time], [check_out_time], [is_checked_in_late], [is_checked_out_late], [is_paid]) VALUES (8, 2, 3, CAST(N'2023-07-03T18:00:00.190' AS DateTime), CAST(N'2023-07-04T06:00:00.190' AS DateTime), 0, 0, 1, 1, NULL, NULL, NULL, NULL, NULL)
INSERT [dbo].[user_shift] ([user_shift_id], [user_id], [shift_id], [start_time], [end_time], [is_holiday], [is_weekend], [is_checked_in], [is_checked_out], [check_in_time], [check_out_time], [is_checked_in_late], [is_checked_out_late], [is_paid]) VALUES (9, 4, 4, CAST(N'2023-07-03T06:00:00.190' AS DateTime), CAST(N'2023-07-03T18:00:00.190' AS DateTime), 0, 0, 1, 1, NULL, NULL, NULL, NULL, NULL)
INSERT [dbo].[user_shift] ([user_shift_id], [user_id], [shift_id], [start_time], [end_time], [is_holiday], [is_weekend], [is_checked_in], [is_checked_out], [check_in_time], [check_out_time], [is_checked_in_late], [is_checked_out_late], [is_paid]) VALUES (10, 5, 5, CAST(N'2023-07-03T18:00:00.190' AS DateTime), CAST(N'2023-07-04T06:00:00.190' AS DateTime), 0, 0, 1, 1, NULL, NULL, NULL, NULL, NULL)
INSERT [dbo].[user_shift] ([user_shift_id], [user_id], [shift_id], [start_time], [end_time], [is_holiday], [is_weekend], [is_checked_in], [is_checked_out], [check_in_time], [check_out_time], [is_checked_in_late], [is_checked_out_late], [is_paid]) VALUES (11, 2, 1, CAST(N'2023-07-04T06:00:00.190' AS DateTime), CAST(N'2023-07-04T12:00:00.190' AS DateTime), 0, 0, 1, 1, NULL, NULL, NULL, NULL, NULL)
INSERT [dbo].[user_shift] ([user_shift_id], [user_id], [shift_id], [start_time], [end_time], [is_holiday], [is_weekend], [is_checked_in], [is_checked_out], [check_in_time], [check_out_time], [is_checked_in_late], [is_checked_out_late], [is_paid]) VALUES (12, 2, 2, CAST(N'2023-07-04T12:00:00.190' AS DateTime), CAST(N'2023-07-04T18:00:00.190' AS DateTime), 0, 0, 1, 1, NULL, NULL, NULL, NULL, NULL)
INSERT [dbo].[user_shift] ([user_shift_id], [user_id], [shift_id], [start_time], [end_time], [is_holiday], [is_weekend], [is_checked_in], [is_checked_out], [check_in_time], [check_out_time], [is_checked_in_late], [is_checked_out_late], [is_paid]) VALUES (13, 3, 3, CAST(N'2023-07-04T18:00:00.190' AS DateTime), CAST(N'2023-07-05T06:00:00.190' AS DateTime), 0, 0, 1, 1, NULL, NULL, NULL, NULL, NULL)
INSERT [dbo].[user_shift] ([user_shift_id], [user_id], [shift_id], [start_time], [end_time], [is_holiday], [is_weekend], [is_checked_in], [is_checked_out], [check_in_time], [check_out_time], [is_checked_in_late], [is_checked_out_late], [is_paid]) VALUES (14, 4, 4, CAST(N'2023-07-04T06:00:00.190' AS DateTime), CAST(N'2023-07-04T18:00:00.190' AS DateTime), 0, 0, 1, 1, NULL, NULL, NULL, NULL, NULL)
INSERT [dbo].[user_shift] ([user_shift_id], [user_id], [shift_id], [start_time], [end_time], [is_holiday], [is_weekend], [is_checked_in], [is_checked_out], [check_in_time], [check_out_time], [is_checked_in_late], [is_checked_out_late], [is_paid]) VALUES (15, 5, 5, CAST(N'2023-07-04T18:00:00.190' AS DateTime), CAST(N'2023-07-05T06:00:00.190' AS DateTime), 0, 0, 1, 1, NULL, NULL, NULL, NULL, NULL)
INSERT [dbo].[user_shift] ([user_shift_id], [user_id], [shift_id], [start_time], [end_time], [is_holiday], [is_weekend], [is_checked_in], [is_checked_out], [check_in_time], [check_out_time], [is_checked_in_late], [is_checked_out_late], [is_paid]) VALUES (16, 3, 1, CAST(N'2023-07-05T06:00:00.190' AS DateTime), CAST(N'2023-07-05T12:00:00.190' AS DateTime), 0, 0, 1, 1, NULL, NULL, NULL, NULL, NULL)
INSERT [dbo].[user_shift] ([user_shift_id], [user_id], [shift_id], [start_time], [end_time], [is_holiday], [is_weekend], [is_checked_in], [is_checked_out], [check_in_time], [check_out_time], [is_checked_in_late], [is_checked_out_late], [is_paid]) VALUES (17, 3, 2, CAST(N'2023-07-05T12:00:00.190' AS DateTime), CAST(N'2023-07-05T18:00:00.190' AS DateTime), 0, 0, 1, 1, NULL, NULL, NULL, NULL, NULL)
INSERT [dbo].[user_shift] ([user_shift_id], [user_id], [shift_id], [start_time], [end_time], [is_holiday], [is_weekend], [is_checked_in], [is_checked_out], [check_in_time], [check_out_time], [is_checked_in_late], [is_checked_out_late], [is_paid]) VALUES (18, 2, 3, CAST(N'2023-07-05T18:00:00.190' AS DateTime), CAST(N'2023-07-06T06:00:00.190' AS DateTime), 0, 0, 1, 1, NULL, NULL, NULL, NULL, NULL)
INSERT [dbo].[user_shift] ([user_shift_id], [user_id], [shift_id], [start_time], [end_time], [is_holiday], [is_weekend], [is_checked_in], [is_checked_out], [check_in_time], [check_out_time], [is_checked_in_late], [is_checked_out_late], [is_paid]) VALUES (19, 4, 4, CAST(N'2023-07-05T06:00:00.190' AS DateTime), CAST(N'2023-07-05T18:00:00.190' AS DateTime), 0, 0, 1, 1, NULL, NULL, NULL, NULL, NULL)
INSERT [dbo].[user_shift] ([user_shift_id], [user_id], [shift_id], [start_time], [end_time], [is_holiday], [is_weekend], [is_checked_in], [is_checked_out], [check_in_time], [check_out_time], [is_checked_in_late], [is_checked_out_late], [is_paid]) VALUES (20, 5, 5, CAST(N'2023-07-05T18:00:00.190' AS DateTime), CAST(N'2023-07-06T06:00:00.190' AS DateTime), 0, 0, 1, 1, NULL, NULL, NULL, NULL, NULL)
INSERT [dbo].[user_shift] ([user_shift_id], [user_id], [shift_id], [start_time], [end_time], [is_holiday], [is_weekend], [is_checked_in], [is_checked_out], [check_in_time], [check_out_time], [is_checked_in_late], [is_checked_out_late], [is_paid]) VALUES (21, 2, 1, CAST(N'2023-07-06T06:00:00.190' AS DateTime), CAST(N'2023-07-06T12:00:00.190' AS DateTime), 0, 0, 1, 1, NULL, NULL, NULL, NULL, NULL)
INSERT [dbo].[user_shift] ([user_shift_id], [user_id], [shift_id], [start_time], [end_time], [is_holiday], [is_weekend], [is_checked_in], [is_checked_out], [check_in_time], [check_out_time], [is_checked_in_late], [is_checked_out_late], [is_paid]) VALUES (22, 2, 2, CAST(N'2023-07-06T12:00:00.190' AS DateTime), CAST(N'2023-07-06T18:00:00.190' AS DateTime), 0, 0, 1, 1, NULL, NULL, NULL, NULL, NULL)
INSERT [dbo].[user_shift] ([user_shift_id], [user_id], [shift_id], [start_time], [end_time], [is_holiday], [is_weekend], [is_checked_in], [is_checked_out], [check_in_time], [check_out_time], [is_checked_in_late], [is_checked_out_late], [is_paid]) VALUES (23, 3, 3, CAST(N'2023-07-06T18:00:00.190' AS DateTime), CAST(N'2023-07-07T06:00:00.190' AS DateTime), 0, 0, 1, 1, NULL, NULL, NULL, NULL, NULL)
INSERT [dbo].[user_shift] ([user_shift_id], [user_id], [shift_id], [start_time], [end_time], [is_holiday], [is_weekend], [is_checked_in], [is_checked_out], [check_in_time], [check_out_time], [is_checked_in_late], [is_checked_out_late], [is_paid]) VALUES (24, 4, 4, CAST(N'2023-07-06T06:00:00.190' AS DateTime), CAST(N'2023-07-06T18:00:00.190' AS DateTime), 0, 0, 1, 1, NULL, NULL, NULL, NULL, NULL)
INSERT [dbo].[user_shift] ([user_shift_id], [user_id], [shift_id], [start_time], [end_time], [is_holiday], [is_weekend], [is_checked_in], [is_checked_out], [check_in_time], [check_out_time], [is_checked_in_late], [is_checked_out_late], [is_paid]) VALUES (25, 5, 5, CAST(N'2023-07-06T18:00:00.190' AS DateTime), CAST(N'2023-07-07T06:00:00.190' AS DateTime), 0, 0, 1, 1, NULL, NULL, NULL, NULL, NULL)
INSERT [dbo].[user_shift] ([user_shift_id], [user_id], [shift_id], [start_time], [end_time], [is_holiday], [is_weekend], [is_checked_in], [is_checked_out], [check_in_time], [check_out_time], [is_checked_in_late], [is_checked_out_late], [is_paid]) VALUES (26, 3, 1, CAST(N'2023-07-07T06:00:00.190' AS DateTime), CAST(N'2023-07-07T12:00:00.190' AS DateTime), 0, 0, 1, 1, NULL, NULL, NULL, NULL, NULL)
INSERT [dbo].[user_shift] ([user_shift_id], [user_id], [shift_id], [start_time], [end_time], [is_holiday], [is_weekend], [is_checked_in], [is_checked_out], [check_in_time], [check_out_time], [is_checked_in_late], [is_checked_out_late], [is_paid]) VALUES (27, 3, 2, CAST(N'2023-07-07T12:00:00.190' AS DateTime), CAST(N'2023-07-07T18:00:00.190' AS DateTime), 0, 0, 1, 1, NULL, NULL, NULL, NULL, NULL)
INSERT [dbo].[user_shift] ([user_shift_id], [user_id], [shift_id], [start_time], [end_time], [is_holiday], [is_weekend], [is_checked_in], [is_checked_out], [check_in_time], [check_out_time], [is_checked_in_late], [is_checked_out_late], [is_paid]) VALUES (28, 2, 3, CAST(N'2023-07-07T18:00:00.190' AS DateTime), CAST(N'2023-07-08T06:00:00.190' AS DateTime), 0, 0, 1, 1, NULL, NULL, NULL, NULL, NULL)
INSERT [dbo].[user_shift] ([user_shift_id], [user_id], [shift_id], [start_time], [end_time], [is_holiday], [is_weekend], [is_checked_in], [is_checked_out], [check_in_time], [check_out_time], [is_checked_in_late], [is_checked_out_late], [is_paid]) VALUES (29, 4, 4, CAST(N'2023-07-07T06:00:00.190' AS DateTime), CAST(N'2023-07-07T18:00:00.190' AS DateTime), 0, 0, 1, 1, NULL, NULL, NULL, NULL, NULL)
INSERT [dbo].[user_shift] ([user_shift_id], [user_id], [shift_id], [start_time], [end_time], [is_holiday], [is_weekend], [is_checked_in], [is_checked_out], [check_in_time], [check_out_time], [is_checked_in_late], [is_checked_out_late], [is_paid]) VALUES (30, 5, 5, CAST(N'2023-07-07T18:00:00.190' AS DateTime), CAST(N'2023-07-08T06:00:00.190' AS DateTime), 0, 0, 1, 1, NULL, NULL, NULL, NULL, NULL)
INSERT [dbo].[user_shift] ([user_shift_id], [user_id], [shift_id], [start_time], [end_time], [is_holiday], [is_weekend], [is_checked_in], [is_checked_out], [check_in_time], [check_out_time], [is_checked_in_late], [is_checked_out_late], [is_paid]) VALUES (31, 2, 1, CAST(N'2023-07-08T06:00:00.190' AS DateTime), CAST(N'2023-07-08T12:00:00.190' AS DateTime), 0, 1, 1, 1, NULL, NULL, NULL, NULL, NULL)
INSERT [dbo].[user_shift] ([user_shift_id], [user_id], [shift_id], [start_time], [end_time], [is_holiday], [is_weekend], [is_checked_in], [is_checked_out], [check_in_time], [check_out_time], [is_checked_in_late], [is_checked_out_late], [is_paid]) VALUES (32, 2, 2, CAST(N'2023-07-08T12:00:00.190' AS DateTime), CAST(N'2023-07-08T18:00:00.190' AS DateTime), 0, 1, 1, 1, NULL, NULL, NULL, NULL, NULL)
INSERT [dbo].[user_shift] ([user_shift_id], [user_id], [shift_id], [start_time], [end_time], [is_holiday], [is_weekend], [is_checked_in], [is_checked_out], [check_in_time], [check_out_time], [is_checked_in_late], [is_checked_out_late], [is_paid]) VALUES (33, 3, 3, CAST(N'2023-07-08T18:00:00.190' AS DateTime), CAST(N'2023-07-09T06:00:00.190' AS DateTime), 0, 1, 1, 1, NULL, NULL, NULL, NULL, NULL)
INSERT [dbo].[user_shift] ([user_shift_id], [user_id], [shift_id], [start_time], [end_time], [is_holiday], [is_weekend], [is_checked_in], [is_checked_out], [check_in_time], [check_out_time], [is_checked_in_late], [is_checked_out_late], [is_paid]) VALUES (34, 4, 4, CAST(N'2023-07-08T06:00:00.190' AS DateTime), CAST(N'2023-07-08T18:00:00.190' AS DateTime), 0, 1, 1, 1, NULL, NULL, NULL, NULL, NULL)
INSERT [dbo].[user_shift] ([user_shift_id], [user_id], [shift_id], [start_time], [end_time], [is_holiday], [is_weekend], [is_checked_in], [is_checked_out], [check_in_time], [check_out_time], [is_checked_in_late], [is_checked_out_late], [is_paid]) VALUES (35, 5, 5, CAST(N'2023-07-08T18:00:00.190' AS DateTime), CAST(N'2023-07-09T06:00:00.190' AS DateTime), 0, 1, 1, 1, NULL, NULL, NULL, NULL, NULL)
INSERT [dbo].[user_shift] ([user_shift_id], [user_id], [shift_id], [start_time], [end_time], [is_holiday], [is_weekend], [is_checked_in], [is_checked_out], [check_in_time], [check_out_time], [is_checked_in_late], [is_checked_out_late], [is_paid]) VALUES (36, 3, 1, CAST(N'2023-07-09T06:00:00.000' AS DateTime), CAST(N'2023-07-09T12:00:00.000' AS DateTime), 0, 1, 1, 1, NULL, NULL, NULL, NULL, NULL)
INSERT [dbo].[user_shift] ([user_shift_id], [user_id], [shift_id], [start_time], [end_time], [is_holiday], [is_weekend], [is_checked_in], [is_checked_out], [check_in_time], [check_out_time], [is_checked_in_late], [is_checked_out_late], [is_paid]) VALUES (37, 3, 2, CAST(N'2023-07-09T12:00:00.000' AS DateTime), CAST(N'2023-07-09T18:00:00.000' AS DateTime), 0, 1, 1, 1, NULL, NULL, NULL, NULL, NULL)
INSERT [dbo].[user_shift] ([user_shift_id], [user_id], [shift_id], [start_time], [end_time], [is_holiday], [is_weekend], [is_checked_in], [is_checked_out], [check_in_time], [check_out_time], [is_checked_in_late], [is_checked_out_late], [is_paid]) VALUES (38, 2, 3, CAST(N'2023-07-09T18:00:00.000' AS DateTime), CAST(N'2023-07-10T06:00:00.000' AS DateTime), 0, 1, 1, 1, NULL, NULL, NULL, NULL, NULL)
INSERT [dbo].[user_shift] ([user_shift_id], [user_id], [shift_id], [start_time], [end_time], [is_holiday], [is_weekend], [is_checked_in], [is_checked_out], [check_in_time], [check_out_time], [is_checked_in_late], [is_checked_out_late], [is_paid]) VALUES (39, 4, 4, CAST(N'2023-07-09T06:00:00.000' AS DateTime), CAST(N'2023-07-09T18:00:00.000' AS DateTime), 0, 1, 1, 1, NULL, NULL, NULL, NULL, NULL)
INSERT [dbo].[user_shift] ([user_shift_id], [user_id], [shift_id], [start_time], [end_time], [is_holiday], [is_weekend], [is_checked_in], [is_checked_out], [check_in_time], [check_out_time], [is_checked_in_late], [is_checked_out_late], [is_paid]) VALUES (40, 5, 5, CAST(N'2023-07-09T18:00:00.000' AS DateTime), CAST(N'2023-07-10T06:00:00.000' AS DateTime), 0, 1, 1, 1, NULL, NULL, NULL, NULL, NULL)
INSERT [dbo].[user_shift] ([user_shift_id], [user_id], [shift_id], [start_time], [end_time], [is_holiday], [is_weekend], [is_checked_in], [is_checked_out], [check_in_time], [check_out_time], [is_checked_in_late], [is_checked_out_late], [is_paid]) VALUES (41, 2, 1, CAST(N'2023-07-10T06:00:00.000' AS DateTime), CAST(N'2023-07-10T12:00:00.000' AS DateTime), 0, 0, 1, 1, NULL, NULL, NULL, NULL, NULL)
INSERT [dbo].[user_shift] ([user_shift_id], [user_id], [shift_id], [start_time], [end_time], [is_holiday], [is_weekend], [is_checked_in], [is_checked_out], [check_in_time], [check_out_time], [is_checked_in_late], [is_checked_out_late], [is_paid]) VALUES (42, 2, 2, CAST(N'2023-07-10T12:00:00.000' AS DateTime), CAST(N'2023-07-10T18:00:00.000' AS DateTime), 0, 0, 1, 1, NULL, NULL, NULL, NULL, NULL)
INSERT [dbo].[user_shift] ([user_shift_id], [user_id], [shift_id], [start_time], [end_time], [is_holiday], [is_weekend], [is_checked_in], [is_checked_out], [check_in_time], [check_out_time], [is_checked_in_late], [is_checked_out_late], [is_paid]) VALUES (43, 3, 3, CAST(N'2023-07-10T18:00:00.000' AS DateTime), CAST(N'2023-07-11T06:00:00.000' AS DateTime), 0, 0, 1, 1, NULL, NULL, NULL, NULL, NULL)
INSERT [dbo].[user_shift] ([user_shift_id], [user_id], [shift_id], [start_time], [end_time], [is_holiday], [is_weekend], [is_checked_in], [is_checked_out], [check_in_time], [check_out_time], [is_checked_in_late], [is_checked_out_late], [is_paid]) VALUES (44, 4, 4, CAST(N'2023-07-10T06:00:00.000' AS DateTime), CAST(N'2023-07-10T18:00:00.000' AS DateTime), 0, 0, 1, 1, NULL, NULL, NULL, NULL, NULL)
INSERT [dbo].[user_shift] ([user_shift_id], [user_id], [shift_id], [start_time], [end_time], [is_holiday], [is_weekend], [is_checked_in], [is_checked_out], [check_in_time], [check_out_time], [is_checked_in_late], [is_checked_out_late], [is_paid]) VALUES (45, 5, 5, CAST(N'2023-07-10T18:00:00.000' AS DateTime), CAST(N'2023-07-11T06:00:00.000' AS DateTime), 0, 0, 1, 1, NULL, NULL, NULL, NULL, NULL)
INSERT [dbo].[user_shift] ([user_shift_id], [user_id], [shift_id], [start_time], [end_time], [is_holiday], [is_weekend], [is_checked_in], [is_checked_out], [check_in_time], [check_out_time], [is_checked_in_late], [is_checked_out_late], [is_paid]) VALUES (46, 3, 1, CAST(N'2023-07-11T06:00:00.000' AS DateTime), CAST(N'2023-07-11T12:00:00.000' AS DateTime), 0, 0, 1, 1, NULL, NULL, NULL, NULL, NULL)
INSERT [dbo].[user_shift] ([user_shift_id], [user_id], [shift_id], [start_time], [end_time], [is_holiday], [is_weekend], [is_checked_in], [is_checked_out], [check_in_time], [check_out_time], [is_checked_in_late], [is_checked_out_late], [is_paid]) VALUES (47, 3, 2, CAST(N'2023-07-11T12:00:00.000' AS DateTime), CAST(N'2023-07-11T18:00:00.000' AS DateTime), 0, 0, 1, 1, NULL, NULL, NULL, NULL, NULL)
INSERT [dbo].[user_shift] ([user_shift_id], [user_id], [shift_id], [start_time], [end_time], [is_holiday], [is_weekend], [is_checked_in], [is_checked_out], [check_in_time], [check_out_time], [is_checked_in_late], [is_checked_out_late], [is_paid]) VALUES (48, 2, 3, CAST(N'2023-07-11T18:00:00.000' AS DateTime), CAST(N'2023-07-12T06:00:00.000' AS DateTime), 0, 0, 1, 1, NULL, NULL, NULL, NULL, NULL)
INSERT [dbo].[user_shift] ([user_shift_id], [user_id], [shift_id], [start_time], [end_time], [is_holiday], [is_weekend], [is_checked_in], [is_checked_out], [check_in_time], [check_out_time], [is_checked_in_late], [is_checked_out_late], [is_paid]) VALUES (49, 4, 4, CAST(N'2023-07-11T06:00:00.000' AS DateTime), CAST(N'2023-07-11T18:00:00.000' AS DateTime), 0, 0, 1, 1, NULL, NULL, NULL, NULL, NULL)
INSERT [dbo].[user_shift] ([user_shift_id], [user_id], [shift_id], [start_time], [end_time], [is_holiday], [is_weekend], [is_checked_in], [is_checked_out], [check_in_time], [check_out_time], [is_checked_in_late], [is_checked_out_late], [is_paid]) VALUES (50, 5, 5, CAST(N'2023-07-11T18:00:00.000' AS DateTime), CAST(N'2023-07-12T06:00:00.000' AS DateTime), 0, 0, 1, 1, NULL, NULL, NULL, NULL, NULL)
INSERT [dbo].[user_shift] ([user_shift_id], [user_id], [shift_id], [start_time], [end_time], [is_holiday], [is_weekend], [is_checked_in], [is_checked_out], [check_in_time], [check_out_time], [is_checked_in_late], [is_checked_out_late], [is_paid]) VALUES (51, 2, 1, CAST(N'2023-07-12T06:00:00.000' AS DateTime), CAST(N'2023-07-12T12:00:00.000' AS DateTime), 0, 0, 1, 1, NULL, NULL, NULL, NULL, NULL)
INSERT [dbo].[user_shift] ([user_shift_id], [user_id], [shift_id], [start_time], [end_time], [is_holiday], [is_weekend], [is_checked_in], [is_checked_out], [check_in_time], [check_out_time], [is_checked_in_late], [is_checked_out_late], [is_paid]) VALUES (52, 2, 2, CAST(N'2023-07-12T12:00:00.000' AS DateTime), CAST(N'2023-07-12T18:00:00.000' AS DateTime), 0, 0, 1, 1, NULL, NULL, NULL, NULL, NULL)
INSERT [dbo].[user_shift] ([user_shift_id], [user_id], [shift_id], [start_time], [end_time], [is_holiday], [is_weekend], [is_checked_in], [is_checked_out], [check_in_time], [check_out_time], [is_checked_in_late], [is_checked_out_late], [is_paid]) VALUES (53, 3, 3, CAST(N'2023-07-12T18:00:00.000' AS DateTime), CAST(N'2023-07-13T06:00:00.000' AS DateTime), 0, 0, 1, 1, NULL, NULL, NULL, NULL, NULL)
INSERT [dbo].[user_shift] ([user_shift_id], [user_id], [shift_id], [start_time], [end_time], [is_holiday], [is_weekend], [is_checked_in], [is_checked_out], [check_in_time], [check_out_time], [is_checked_in_late], [is_checked_out_late], [is_paid]) VALUES (54, 4, 4, CAST(N'2023-07-12T06:00:00.000' AS DateTime), CAST(N'2023-07-12T18:00:00.000' AS DateTime), 0, 0, 1, 1, NULL, NULL, NULL, NULL, NULL)
INSERT [dbo].[user_shift] ([user_shift_id], [user_id], [shift_id], [start_time], [end_time], [is_holiday], [is_weekend], [is_checked_in], [is_checked_out], [check_in_time], [check_out_time], [is_checked_in_late], [is_checked_out_late], [is_paid]) VALUES (55, 5, 5, CAST(N'2023-07-12T18:00:00.000' AS DateTime), CAST(N'2023-07-13T06:00:00.000' AS DateTime), 0, 0, 1, 1, NULL, NULL, NULL, NULL, NULL)
INSERT [dbo].[user_shift] ([user_shift_id], [user_id], [shift_id], [start_time], [end_time], [is_holiday], [is_weekend], [is_checked_in], [is_checked_out], [check_in_time], [check_out_time], [is_checked_in_late], [is_checked_out_late], [is_paid]) VALUES (56, 3, 1, CAST(N'2023-07-13T06:00:00.000' AS DateTime), CAST(N'2023-07-13T12:00:00.000' AS DateTime), 0, 0, 1, 1, NULL, NULL, NULL, NULL, NULL)
INSERT [dbo].[user_shift] ([user_shift_id], [user_id], [shift_id], [start_time], [end_time], [is_holiday], [is_weekend], [is_checked_in], [is_checked_out], [check_in_time], [check_out_time], [is_checked_in_late], [is_checked_out_late], [is_paid]) VALUES (57, 3, 2, CAST(N'2023-07-13T12:00:00.000' AS DateTime), CAST(N'2023-07-13T18:00:00.000' AS DateTime), 0, 0, 1, 1, NULL, NULL, NULL, NULL, NULL)
INSERT [dbo].[user_shift] ([user_shift_id], [user_id], [shift_id], [start_time], [end_time], [is_holiday], [is_weekend], [is_checked_in], [is_checked_out], [check_in_time], [check_out_time], [is_checked_in_late], [is_checked_out_late], [is_paid]) VALUES (58, 2, 3, CAST(N'2023-07-13T18:00:00.000' AS DateTime), CAST(N'2023-07-14T06:00:00.000' AS DateTime), 0, 0, 1, 1, NULL, NULL, NULL, NULL, NULL)
INSERT [dbo].[user_shift] ([user_shift_id], [user_id], [shift_id], [start_time], [end_time], [is_holiday], [is_weekend], [is_checked_in], [is_checked_out], [check_in_time], [check_out_time], [is_checked_in_late], [is_checked_out_late], [is_paid]) VALUES (59, 4, 4, CAST(N'2023-07-13T06:00:00.000' AS DateTime), CAST(N'2023-07-13T18:00:00.000' AS DateTime), 0, 0, 1, 1, NULL, NULL, NULL, NULL, NULL)
INSERT [dbo].[user_shift] ([user_shift_id], [user_id], [shift_id], [start_time], [end_time], [is_holiday], [is_weekend], [is_checked_in], [is_checked_out], [check_in_time], [check_out_time], [is_checked_in_late], [is_checked_out_late], [is_paid]) VALUES (60, 5, 5, CAST(N'2023-07-13T18:00:00.000' AS DateTime), CAST(N'2023-07-14T06:00:00.000' AS DateTime), 0, 0, 1, 1, NULL, NULL, NULL, NULL, NULL)
INSERT [dbo].[user_shift] ([user_shift_id], [user_id], [shift_id], [start_time], [end_time], [is_holiday], [is_weekend], [is_checked_in], [is_checked_out], [check_in_time], [check_out_time], [is_checked_in_late], [is_checked_out_late], [is_paid]) VALUES (61, 2, 1, CAST(N'2023-07-14T06:00:00.000' AS DateTime), CAST(N'2023-07-14T12:00:00.000' AS DateTime), 0, 0, 1, 1, NULL, NULL, NULL, NULL, NULL)
INSERT [dbo].[user_shift] ([user_shift_id], [user_id], [shift_id], [start_time], [end_time], [is_holiday], [is_weekend], [is_checked_in], [is_checked_out], [check_in_time], [check_out_time], [is_checked_in_late], [is_checked_out_late], [is_paid]) VALUES (62, 2, 2, CAST(N'2023-07-14T12:00:00.000' AS DateTime), CAST(N'2023-07-14T18:00:00.000' AS DateTime), 0, 0, 1, 1, NULL, NULL, NULL, NULL, NULL)
INSERT [dbo].[user_shift] ([user_shift_id], [user_id], [shift_id], [start_time], [end_time], [is_holiday], [is_weekend], [is_checked_in], [is_checked_out], [check_in_time], [check_out_time], [is_checked_in_late], [is_checked_out_late], [is_paid]) VALUES (63, 3, 3, CAST(N'2023-07-14T18:00:00.000' AS DateTime), CAST(N'2023-07-15T06:00:00.000' AS DateTime), 0, 0, 1, 1, NULL, NULL, NULL, NULL, NULL)
INSERT [dbo].[user_shift] ([user_shift_id], [user_id], [shift_id], [start_time], [end_time], [is_holiday], [is_weekend], [is_checked_in], [is_checked_out], [check_in_time], [check_out_time], [is_checked_in_late], [is_checked_out_late], [is_paid]) VALUES (64, 4, 4, CAST(N'2023-07-14T06:00:00.000' AS DateTime), CAST(N'2023-07-14T18:00:00.000' AS DateTime), 0, 0, 1, 1, NULL, NULL, NULL, NULL, NULL)
INSERT [dbo].[user_shift] ([user_shift_id], [user_id], [shift_id], [start_time], [end_time], [is_holiday], [is_weekend], [is_checked_in], [is_checked_out], [check_in_time], [check_out_time], [is_checked_in_late], [is_checked_out_late], [is_paid]) VALUES (65, 5, 5, CAST(N'2023-07-14T18:00:00.000' AS DateTime), CAST(N'2023-07-15T06:00:00.000' AS DateTime), 0, 0, 1, 1, NULL, NULL, NULL, NULL, NULL)
INSERT [dbo].[user_shift] ([user_shift_id], [user_id], [shift_id], [start_time], [end_time], [is_holiday], [is_weekend], [is_checked_in], [is_checked_out], [check_in_time], [check_out_time], [is_checked_in_late], [is_checked_out_late], [is_paid]) VALUES (66, 3, 1, CAST(N'2023-07-15T06:00:00.000' AS DateTime), CAST(N'2023-07-15T12:00:00.000' AS DateTime), 0, 1, 1, 1, NULL, NULL, NULL, NULL, NULL)
INSERT [dbo].[user_shift] ([user_shift_id], [user_id], [shift_id], [start_time], [end_time], [is_holiday], [is_weekend], [is_checked_in], [is_checked_out], [check_in_time], [check_out_time], [is_checked_in_late], [is_checked_out_late], [is_paid]) VALUES (67, 3, 2, CAST(N'2023-07-15T12:00:00.000' AS DateTime), CAST(N'2023-07-15T18:00:00.000' AS DateTime), 0, 1, 1, 1, NULL, NULL, NULL, NULL, NULL)
INSERT [dbo].[user_shift] ([user_shift_id], [user_id], [shift_id], [start_time], [end_time], [is_holiday], [is_weekend], [is_checked_in], [is_checked_out], [check_in_time], [check_out_time], [is_checked_in_late], [is_checked_out_late], [is_paid]) VALUES (68, 2, 3, CAST(N'2023-07-15T18:00:00.000' AS DateTime), CAST(N'2023-07-16T06:00:00.000' AS DateTime), 0, 1, 1, 1, NULL, NULL, NULL, NULL, NULL)
INSERT [dbo].[user_shift] ([user_shift_id], [user_id], [shift_id], [start_time], [end_time], [is_holiday], [is_weekend], [is_checked_in], [is_checked_out], [check_in_time], [check_out_time], [is_checked_in_late], [is_checked_out_late], [is_paid]) VALUES (69, 4, 4, CAST(N'2023-07-15T06:00:00.000' AS DateTime), CAST(N'2023-07-15T18:00:00.000' AS DateTime), 0, 1, 1, 1, NULL, NULL, NULL, NULL, NULL)
INSERT [dbo].[user_shift] ([user_shift_id], [user_id], [shift_id], [start_time], [end_time], [is_holiday], [is_weekend], [is_checked_in], [is_checked_out], [check_in_time], [check_out_time], [is_checked_in_late], [is_checked_out_late], [is_paid]) VALUES (70, 5, 5, CAST(N'2023-07-15T18:00:00.000' AS DateTime), CAST(N'2023-07-16T06:00:00.000' AS DateTime), 0, 1, 1, 1, NULL, NULL, NULL, NULL, NULL)
INSERT [dbo].[user_shift] ([user_shift_id], [user_id], [shift_id], [start_time], [end_time], [is_holiday], [is_weekend], [is_checked_in], [is_checked_out], [check_in_time], [check_out_time], [is_checked_in_late], [is_checked_out_late], [is_paid]) VALUES (71, 2, 1, CAST(N'2023-07-16T06:00:00.000' AS DateTime), CAST(N'2023-07-16T12:00:00.000' AS DateTime), 0, 1, 1, 1, NULL, NULL, NULL, NULL, NULL)
INSERT [dbo].[user_shift] ([user_shift_id], [user_id], [shift_id], [start_time], [end_time], [is_holiday], [is_weekend], [is_checked_in], [is_checked_out], [check_in_time], [check_out_time], [is_checked_in_late], [is_checked_out_late], [is_paid]) VALUES (72, 2, 2, CAST(N'2023-07-16T12:00:00.000' AS DateTime), CAST(N'2023-07-16T18:00:00.000' AS DateTime), 0, 1, 1, 1, NULL, NULL, NULL, NULL, NULL)
INSERT [dbo].[user_shift] ([user_shift_id], [user_id], [shift_id], [start_time], [end_time], [is_holiday], [is_weekend], [is_checked_in], [is_checked_out], [check_in_time], [check_out_time], [is_checked_in_late], [is_checked_out_late], [is_paid]) VALUES (73, 3, 3, CAST(N'2023-07-16T18:00:00.000' AS DateTime), CAST(N'2023-07-17T06:00:00.000' AS DateTime), 0, 1, 1, 1, NULL, NULL, NULL, NULL, NULL)
INSERT [dbo].[user_shift] ([user_shift_id], [user_id], [shift_id], [start_time], [end_time], [is_holiday], [is_weekend], [is_checked_in], [is_checked_out], [check_in_time], [check_out_time], [is_checked_in_late], [is_checked_out_late], [is_paid]) VALUES (74, 4, 4, CAST(N'2023-07-16T06:00:00.000' AS DateTime), CAST(N'2023-07-16T18:00:00.000' AS DateTime), 0, 1, 1, 1, NULL, NULL, NULL, NULL, NULL)
INSERT [dbo].[user_shift] ([user_shift_id], [user_id], [shift_id], [start_time], [end_time], [is_holiday], [is_weekend], [is_checked_in], [is_checked_out], [check_in_time], [check_out_time], [is_checked_in_late], [is_checked_out_late], [is_paid]) VALUES (75, 5, 5, CAST(N'2023-07-16T18:00:00.000' AS DateTime), CAST(N'2023-07-17T06:00:00.000' AS DateTime), 0, 1, 1, 1, NULL, NULL, NULL, NULL, NULL)
INSERT [dbo].[user_shift] ([user_shift_id], [user_id], [shift_id], [start_time], [end_time], [is_holiday], [is_weekend], [is_checked_in], [is_checked_out], [check_in_time], [check_out_time], [is_checked_in_late], [is_checked_out_late], [is_paid]) VALUES (76, 3, 1, CAST(N'2023-07-17T06:00:00.000' AS DateTime), CAST(N'2023-07-17T12:00:00.000' AS DateTime), 0, 0, 1, 1, NULL, NULL, NULL, NULL, NULL)
INSERT [dbo].[user_shift] ([user_shift_id], [user_id], [shift_id], [start_time], [end_time], [is_holiday], [is_weekend], [is_checked_in], [is_checked_out], [check_in_time], [check_out_time], [is_checked_in_late], [is_checked_out_late], [is_paid]) VALUES (77, 3, 2, CAST(N'2023-07-17T12:00:00.000' AS DateTime), CAST(N'2023-07-17T18:00:00.000' AS DateTime), 0, 0, 1, 1, NULL, NULL, NULL, NULL, NULL)
INSERT [dbo].[user_shift] ([user_shift_id], [user_id], [shift_id], [start_time], [end_time], [is_holiday], [is_weekend], [is_checked_in], [is_checked_out], [check_in_time], [check_out_time], [is_checked_in_late], [is_checked_out_late], [is_paid]) VALUES (78, 2, 3, CAST(N'2023-07-17T18:00:00.000' AS DateTime), CAST(N'2023-07-18T06:00:00.000' AS DateTime), 0, 0, 1, 1, NULL, NULL, NULL, NULL, NULL)
INSERT [dbo].[user_shift] ([user_shift_id], [user_id], [shift_id], [start_time], [end_time], [is_holiday], [is_weekend], [is_checked_in], [is_checked_out], [check_in_time], [check_out_time], [is_checked_in_late], [is_checked_out_late], [is_paid]) VALUES (79, 4, 4, CAST(N'2023-07-17T06:00:00.000' AS DateTime), CAST(N'2023-07-17T18:00:00.000' AS DateTime), 0, 0, 1, 1, NULL, NULL, NULL, NULL, NULL)
INSERT [dbo].[user_shift] ([user_shift_id], [user_id], [shift_id], [start_time], [end_time], [is_holiday], [is_weekend], [is_checked_in], [is_checked_out], [check_in_time], [check_out_time], [is_checked_in_late], [is_checked_out_late], [is_paid]) VALUES (80, 5, 5, CAST(N'2023-07-17T18:00:00.000' AS DateTime), CAST(N'2023-07-18T06:00:00.000' AS DateTime), 0, 0, 1, 1, NULL, NULL, NULL, NULL, NULL)
INSERT [dbo].[user_shift] ([user_shift_id], [user_id], [shift_id], [start_time], [end_time], [is_holiday], [is_weekend], [is_checked_in], [is_checked_out], [check_in_time], [check_out_time], [is_checked_in_late], [is_checked_out_late], [is_paid]) VALUES (81, 2, 1, CAST(N'2023-07-18T06:00:00.000' AS DateTime), CAST(N'2023-07-18T12:00:00.000' AS DateTime), 0, 0, 1, 1, NULL, NULL, NULL, NULL, NULL)
INSERT [dbo].[user_shift] ([user_shift_id], [user_id], [shift_id], [start_time], [end_time], [is_holiday], [is_weekend], [is_checked_in], [is_checked_out], [check_in_time], [check_out_time], [is_checked_in_late], [is_checked_out_late], [is_paid]) VALUES (82, 2, 2, CAST(N'2023-07-18T12:00:00.000' AS DateTime), CAST(N'2023-07-18T18:00:00.000' AS DateTime), 0, 0, 1, 1, NULL, NULL, NULL, NULL, NULL)
INSERT [dbo].[user_shift] ([user_shift_id], [user_id], [shift_id], [start_time], [end_time], [is_holiday], [is_weekend], [is_checked_in], [is_checked_out], [check_in_time], [check_out_time], [is_checked_in_late], [is_checked_out_late], [is_paid]) VALUES (83, 3, 3, CAST(N'2023-07-18T18:00:00.000' AS DateTime), CAST(N'2023-07-19T06:00:00.000' AS DateTime), 0, 0, 1, 1, NULL, NULL, NULL, NULL, NULL)
INSERT [dbo].[user_shift] ([user_shift_id], [user_id], [shift_id], [start_time], [end_time], [is_holiday], [is_weekend], [is_checked_in], [is_checked_out], [check_in_time], [check_out_time], [is_checked_in_late], [is_checked_out_late], [is_paid]) VALUES (84, 4, 4, CAST(N'2023-07-18T06:00:00.000' AS DateTime), CAST(N'2023-07-18T18:00:00.000' AS DateTime), 0, 0, 1, 1, NULL, NULL, NULL, NULL, NULL)
INSERT [dbo].[user_shift] ([user_shift_id], [user_id], [shift_id], [start_time], [end_time], [is_holiday], [is_weekend], [is_checked_in], [is_checked_out], [check_in_time], [check_out_time], [is_checked_in_late], [is_checked_out_late], [is_paid]) VALUES (85, 5, 5, CAST(N'2023-07-18T18:00:00.000' AS DateTime), CAST(N'2023-07-19T06:00:00.000' AS DateTime), 0, 0, 1, 1, NULL, NULL, NULL, NULL, NULL)
INSERT [dbo].[user_shift] ([user_shift_id], [user_id], [shift_id], [start_time], [end_time], [is_holiday], [is_weekend], [is_checked_in], [is_checked_out], [check_in_time], [check_out_time], [is_checked_in_late], [is_checked_out_late], [is_paid]) VALUES (86, 3, 1, CAST(N'2023-07-19T06:00:00.000' AS DateTime), CAST(N'2023-07-19T12:00:00.000' AS DateTime), 0, 0, 1, 1, NULL, NULL, NULL, NULL, NULL)
INSERT [dbo].[user_shift] ([user_shift_id], [user_id], [shift_id], [start_time], [end_time], [is_holiday], [is_weekend], [is_checked_in], [is_checked_out], [check_in_time], [check_out_time], [is_checked_in_late], [is_checked_out_late], [is_paid]) VALUES (87, 3, 2, CAST(N'2023-07-19T12:00:00.000' AS DateTime), CAST(N'2023-07-19T18:00:00.000' AS DateTime), 0, 0, 1, 1, NULL, NULL, NULL, NULL, NULL)
INSERT [dbo].[user_shift] ([user_shift_id], [user_id], [shift_id], [start_time], [end_time], [is_holiday], [is_weekend], [is_checked_in], [is_checked_out], [check_in_time], [check_out_time], [is_checked_in_late], [is_checked_out_late], [is_paid]) VALUES (88, 2, 3, CAST(N'2023-07-19T18:00:00.000' AS DateTime), CAST(N'2023-07-20T06:00:00.000' AS DateTime), 0, 0, 1, 1, NULL, NULL, NULL, NULL, NULL)
INSERT [dbo].[user_shift] ([user_shift_id], [user_id], [shift_id], [start_time], [end_time], [is_holiday], [is_weekend], [is_checked_in], [is_checked_out], [check_in_time], [check_out_time], [is_checked_in_late], [is_checked_out_late], [is_paid]) VALUES (89, 5, 4, CAST(N'2023-07-19T06:00:00.000' AS DateTime), CAST(N'2023-07-19T18:00:00.000' AS DateTime), 0, 0, 1, 1, NULL, NULL, NULL, NULL, NULL)
INSERT [dbo].[user_shift] ([user_shift_id], [user_id], [shift_id], [start_time], [end_time], [is_holiday], [is_weekend], [is_checked_in], [is_checked_out], [check_in_time], [check_out_time], [is_checked_in_late], [is_checked_out_late], [is_paid]) VALUES (90, 4, 5, CAST(N'2023-07-19T18:00:00.000' AS DateTime), CAST(N'2023-07-20T06:00:00.000' AS DateTime), 0, 0, 1, 1, NULL, NULL, NULL, NULL, NULL)
INSERT [dbo].[user_shift] ([user_shift_id], [user_id], [shift_id], [start_time], [end_time], [is_holiday], [is_weekend], [is_checked_in], [is_checked_out], [check_in_time], [check_out_time], [is_checked_in_late], [is_checked_out_late], [is_paid]) VALUES (91, 2, 1, CAST(N'2023-07-20T06:00:00.000' AS DateTime), CAST(N'2023-07-20T12:00:00.000' AS DateTime), 0, 0, 1, 1, NULL, NULL, NULL, NULL, NULL)
INSERT [dbo].[user_shift] ([user_shift_id], [user_id], [shift_id], [start_time], [end_time], [is_holiday], [is_weekend], [is_checked_in], [is_checked_out], [check_in_time], [check_out_time], [is_checked_in_late], [is_checked_out_late], [is_paid]) VALUES (92, 2, 2, CAST(N'2023-07-20T12:00:00.000' AS DateTime), CAST(N'2023-07-20T18:00:00.000' AS DateTime), 0, 0, 1, 1, NULL, NULL, NULL, NULL, NULL)
INSERT [dbo].[user_shift] ([user_shift_id], [user_id], [shift_id], [start_time], [end_time], [is_holiday], [is_weekend], [is_checked_in], [is_checked_out], [check_in_time], [check_out_time], [is_checked_in_late], [is_checked_out_late], [is_paid]) VALUES (93, 3, 3, CAST(N'2023-07-20T18:00:00.000' AS DateTime), CAST(N'2023-07-21T06:00:00.000' AS DateTime), 0, 0, 1, 1, NULL, NULL, NULL, NULL, NULL)
INSERT [dbo].[user_shift] ([user_shift_id], [user_id], [shift_id], [start_time], [end_time], [is_holiday], [is_weekend], [is_checked_in], [is_checked_out], [check_in_time], [check_out_time], [is_checked_in_late], [is_checked_out_late], [is_paid]) VALUES (94, 5, 4, CAST(N'2023-07-20T06:00:00.000' AS DateTime), CAST(N'2023-07-20T18:00:00.000' AS DateTime), 0, 0, 1, 1, NULL, NULL, NULL, NULL, NULL)
INSERT [dbo].[user_shift] ([user_shift_id], [user_id], [shift_id], [start_time], [end_time], [is_holiday], [is_weekend], [is_checked_in], [is_checked_out], [check_in_time], [check_out_time], [is_checked_in_late], [is_checked_out_late], [is_paid]) VALUES (95, 4, 5, CAST(N'2023-07-20T18:00:00.000' AS DateTime), CAST(N'2023-07-21T06:00:00.000' AS DateTime), 0, 0, 1, 1, NULL, NULL, NULL, NULL, NULL)
INSERT [dbo].[user_shift] ([user_shift_id], [user_id], [shift_id], [start_time], [end_time], [is_holiday], [is_weekend], [is_checked_in], [is_checked_out], [check_in_time], [check_out_time], [is_checked_in_late], [is_checked_out_late], [is_paid]) VALUES (96, 3, 1, CAST(N'2023-07-21T06:00:00.000' AS DateTime), CAST(N'2023-07-21T12:00:00.000' AS DateTime), 0, 0, 1, 1, NULL, NULL, NULL, NULL, NULL)
INSERT [dbo].[user_shift] ([user_shift_id], [user_id], [shift_id], [start_time], [end_time], [is_holiday], [is_weekend], [is_checked_in], [is_checked_out], [check_in_time], [check_out_time], [is_checked_in_late], [is_checked_out_late], [is_paid]) VALUES (97, 3, 2, CAST(N'2023-07-21T12:00:00.000' AS DateTime), CAST(N'2023-07-21T18:00:00.000' AS DateTime), 0, 0, 1, 1, NULL, NULL, NULL, NULL, NULL)
INSERT [dbo].[user_shift] ([user_shift_id], [user_id], [shift_id], [start_time], [end_time], [is_holiday], [is_weekend], [is_checked_in], [is_checked_out], [check_in_time], [check_out_time], [is_checked_in_late], [is_checked_out_late], [is_paid]) VALUES (98, 2, 3, CAST(N'2023-07-21T18:00:00.000' AS DateTime), CAST(N'2023-07-22T06:00:00.000' AS DateTime), 0, 0, 1, 1, NULL, NULL, NULL, NULL, NULL)
INSERT [dbo].[user_shift] ([user_shift_id], [user_id], [shift_id], [start_time], [end_time], [is_holiday], [is_weekend], [is_checked_in], [is_checked_out], [check_in_time], [check_out_time], [is_checked_in_late], [is_checked_out_late], [is_paid]) VALUES (99, 5, 4, CAST(N'2023-07-21T06:00:00.000' AS DateTime), CAST(N'2023-07-21T18:00:00.000' AS DateTime), 0, 0, 1, 1, NULL, NULL, NULL, NULL, NULL)
GO
INSERT [dbo].[user_shift] ([user_shift_id], [user_id], [shift_id], [start_time], [end_time], [is_holiday], [is_weekend], [is_checked_in], [is_checked_out], [check_in_time], [check_out_time], [is_checked_in_late], [is_checked_out_late], [is_paid]) VALUES (100, 4, 5, CAST(N'2023-07-21T18:00:00.000' AS DateTime), CAST(N'2023-07-22T06:00:00.000' AS DateTime), 0, 0, 1, 1, NULL, NULL, NULL, NULL, NULL)
INSERT [dbo].[user_shift] ([user_shift_id], [user_id], [shift_id], [start_time], [end_time], [is_holiday], [is_weekend], [is_checked_in], [is_checked_out], [check_in_time], [check_out_time], [is_checked_in_late], [is_checked_out_late], [is_paid]) VALUES (101, 2, 1, CAST(N'2023-07-22T06:00:00.000' AS DateTime), CAST(N'2023-07-22T12:00:00.000' AS DateTime), 0, 1, 1, 1, NULL, NULL, NULL, NULL, NULL)
INSERT [dbo].[user_shift] ([user_shift_id], [user_id], [shift_id], [start_time], [end_time], [is_holiday], [is_weekend], [is_checked_in], [is_checked_out], [check_in_time], [check_out_time], [is_checked_in_late], [is_checked_out_late], [is_paid]) VALUES (102, 2, 2, CAST(N'2023-07-22T12:00:00.000' AS DateTime), CAST(N'2023-07-22T18:00:00.000' AS DateTime), 0, 1, 1, 1, NULL, NULL, NULL, NULL, NULL)
INSERT [dbo].[user_shift] ([user_shift_id], [user_id], [shift_id], [start_time], [end_time], [is_holiday], [is_weekend], [is_checked_in], [is_checked_out], [check_in_time], [check_out_time], [is_checked_in_late], [is_checked_out_late], [is_paid]) VALUES (103, 3, 3, CAST(N'2023-07-22T18:00:00.000' AS DateTime), CAST(N'2023-07-23T06:00:00.000' AS DateTime), 0, 1, 1, 1, NULL, NULL, NULL, NULL, NULL)
INSERT [dbo].[user_shift] ([user_shift_id], [user_id], [shift_id], [start_time], [end_time], [is_holiday], [is_weekend], [is_checked_in], [is_checked_out], [check_in_time], [check_out_time], [is_checked_in_late], [is_checked_out_late], [is_paid]) VALUES (104, 5, 4, CAST(N'2023-07-22T06:00:00.000' AS DateTime), CAST(N'2023-07-22T18:00:00.000' AS DateTime), 0, 1, 1, 1, NULL, NULL, NULL, NULL, NULL)
INSERT [dbo].[user_shift] ([user_shift_id], [user_id], [shift_id], [start_time], [end_time], [is_holiday], [is_weekend], [is_checked_in], [is_checked_out], [check_in_time], [check_out_time], [is_checked_in_late], [is_checked_out_late], [is_paid]) VALUES (105, 4, 5, CAST(N'2023-07-22T18:00:00.000' AS DateTime), CAST(N'2023-07-23T06:00:00.000' AS DateTime), 0, 1, 1, 1, NULL, NULL, NULL, NULL, NULL)
INSERT [dbo].[user_shift] ([user_shift_id], [user_id], [shift_id], [start_time], [end_time], [is_holiday], [is_weekend], [is_checked_in], [is_checked_out], [check_in_time], [check_out_time], [is_checked_in_late], [is_checked_out_late], [is_paid]) VALUES (106, 3, 1, CAST(N'2023-07-23T06:00:00.000' AS DateTime), CAST(N'2023-07-23T12:00:00.000' AS DateTime), 0, 1, 1, 1, NULL, NULL, NULL, NULL, NULL)
INSERT [dbo].[user_shift] ([user_shift_id], [user_id], [shift_id], [start_time], [end_time], [is_holiday], [is_weekend], [is_checked_in], [is_checked_out], [check_in_time], [check_out_time], [is_checked_in_late], [is_checked_out_late], [is_paid]) VALUES (107, 3, 2, CAST(N'2023-07-23T12:00:00.000' AS DateTime), CAST(N'2023-07-23T18:00:00.000' AS DateTime), 0, 1, 1, 1, NULL, NULL, NULL, NULL, NULL)
INSERT [dbo].[user_shift] ([user_shift_id], [user_id], [shift_id], [start_time], [end_time], [is_holiday], [is_weekend], [is_checked_in], [is_checked_out], [check_in_time], [check_out_time], [is_checked_in_late], [is_checked_out_late], [is_paid]) VALUES (108, 2, 3, CAST(N'2023-07-23T18:00:00.000' AS DateTime), CAST(N'2023-07-24T06:00:00.000' AS DateTime), 0, 1, 1, 1, NULL, NULL, NULL, NULL, NULL)
INSERT [dbo].[user_shift] ([user_shift_id], [user_id], [shift_id], [start_time], [end_time], [is_holiday], [is_weekend], [is_checked_in], [is_checked_out], [check_in_time], [check_out_time], [is_checked_in_late], [is_checked_out_late], [is_paid]) VALUES (109, 5, 4, CAST(N'2023-07-23T06:00:00.000' AS DateTime), CAST(N'2023-07-23T18:00:00.000' AS DateTime), 0, 1, 1, 1, NULL, NULL, NULL, NULL, NULL)
INSERT [dbo].[user_shift] ([user_shift_id], [user_id], [shift_id], [start_time], [end_time], [is_holiday], [is_weekend], [is_checked_in], [is_checked_out], [check_in_time], [check_out_time], [is_checked_in_late], [is_checked_out_late], [is_paid]) VALUES (110, 4, 5, CAST(N'2023-07-23T18:00:00.000' AS DateTime), CAST(N'2023-07-24T06:00:00.000' AS DateTime), 0, 1, 1, 1, NULL, NULL, NULL, NULL, NULL)
INSERT [dbo].[user_shift] ([user_shift_id], [user_id], [shift_id], [start_time], [end_time], [is_holiday], [is_weekend], [is_checked_in], [is_checked_out], [check_in_time], [check_out_time], [is_checked_in_late], [is_checked_out_late], [is_paid]) VALUES (111, 2, 1, CAST(N'2023-07-24T06:00:00.000' AS DateTime), CAST(N'2023-07-24T12:00:00.000' AS DateTime), 0, 0, 1, 1, NULL, NULL, NULL, NULL, NULL)
INSERT [dbo].[user_shift] ([user_shift_id], [user_id], [shift_id], [start_time], [end_time], [is_holiday], [is_weekend], [is_checked_in], [is_checked_out], [check_in_time], [check_out_time], [is_checked_in_late], [is_checked_out_late], [is_paid]) VALUES (112, 2, 2, CAST(N'2023-07-24T12:00:00.000' AS DateTime), CAST(N'2023-07-24T18:00:00.000' AS DateTime), 0, 0, 1, 1, NULL, NULL, NULL, NULL, NULL)
INSERT [dbo].[user_shift] ([user_shift_id], [user_id], [shift_id], [start_time], [end_time], [is_holiday], [is_weekend], [is_checked_in], [is_checked_out], [check_in_time], [check_out_time], [is_checked_in_late], [is_checked_out_late], [is_paid]) VALUES (113, 3, 3, CAST(N'2023-07-24T18:00:00.000' AS DateTime), CAST(N'2023-07-25T06:00:00.000' AS DateTime), 0, 0, 1, 1, NULL, NULL, NULL, NULL, NULL)
INSERT [dbo].[user_shift] ([user_shift_id], [user_id], [shift_id], [start_time], [end_time], [is_holiday], [is_weekend], [is_checked_in], [is_checked_out], [check_in_time], [check_out_time], [is_checked_in_late], [is_checked_out_late], [is_paid]) VALUES (114, 5, 4, CAST(N'2023-07-24T06:00:00.000' AS DateTime), CAST(N'2023-07-24T18:00:00.000' AS DateTime), 0, 0, 1, 1, NULL, NULL, NULL, NULL, NULL)
INSERT [dbo].[user_shift] ([user_shift_id], [user_id], [shift_id], [start_time], [end_time], [is_holiday], [is_weekend], [is_checked_in], [is_checked_out], [check_in_time], [check_out_time], [is_checked_in_late], [is_checked_out_late], [is_paid]) VALUES (115, 4, 5, CAST(N'2023-07-24T18:00:00.000' AS DateTime), CAST(N'2023-07-25T06:00:00.000' AS DateTime), 0, 0, 1, 1, NULL, NULL, NULL, NULL, NULL)
INSERT [dbo].[user_shift] ([user_shift_id], [user_id], [shift_id], [start_time], [end_time], [is_holiday], [is_weekend], [is_checked_in], [is_checked_out], [check_in_time], [check_out_time], [is_checked_in_late], [is_checked_out_late], [is_paid]) VALUES (116, 3, 1, CAST(N'2023-07-25T06:00:00.000' AS DateTime), CAST(N'2023-07-25T12:00:00.000' AS DateTime), 0, 0, 1, 1, NULL, NULL, NULL, NULL, NULL)
INSERT [dbo].[user_shift] ([user_shift_id], [user_id], [shift_id], [start_time], [end_time], [is_holiday], [is_weekend], [is_checked_in], [is_checked_out], [check_in_time], [check_out_time], [is_checked_in_late], [is_checked_out_late], [is_paid]) VALUES (117, 3, 2, CAST(N'2023-07-25T12:00:00.000' AS DateTime), CAST(N'2023-07-25T18:00:00.000' AS DateTime), 0, 0, 1, 1, NULL, NULL, NULL, NULL, NULL)
INSERT [dbo].[user_shift] ([user_shift_id], [user_id], [shift_id], [start_time], [end_time], [is_holiday], [is_weekend], [is_checked_in], [is_checked_out], [check_in_time], [check_out_time], [is_checked_in_late], [is_checked_out_late], [is_paid]) VALUES (118, 2, 3, CAST(N'2023-07-25T18:00:00.000' AS DateTime), CAST(N'2023-07-26T06:00:00.000' AS DateTime), 0, 0, 1, 1, NULL, NULL, NULL, NULL, NULL)
INSERT [dbo].[user_shift] ([user_shift_id], [user_id], [shift_id], [start_time], [end_time], [is_holiday], [is_weekend], [is_checked_in], [is_checked_out], [check_in_time], [check_out_time], [is_checked_in_late], [is_checked_out_late], [is_paid]) VALUES (119, 5, 4, CAST(N'2023-07-25T06:00:00.000' AS DateTime), CAST(N'2023-07-25T18:00:00.000' AS DateTime), 0, 0, 1, 1, NULL, NULL, NULL, NULL, NULL)
INSERT [dbo].[user_shift] ([user_shift_id], [user_id], [shift_id], [start_time], [end_time], [is_holiday], [is_weekend], [is_checked_in], [is_checked_out], [check_in_time], [check_out_time], [is_checked_in_late], [is_checked_out_late], [is_paid]) VALUES (120, 4, 5, CAST(N'2023-07-25T18:00:00.000' AS DateTime), CAST(N'2023-07-26T06:00:00.000' AS DateTime), 0, 0, 1, 1, NULL, NULL, NULL, NULL, NULL)
INSERT [dbo].[user_shift] ([user_shift_id], [user_id], [shift_id], [start_time], [end_time], [is_holiday], [is_weekend], [is_checked_in], [is_checked_out], [check_in_time], [check_out_time], [is_checked_in_late], [is_checked_out_late], [is_paid]) VALUES (121, 2, 1, CAST(N'2023-07-26T06:00:00.000' AS DateTime), CAST(N'2023-07-26T12:00:00.000' AS DateTime), 0, 0, 1, 1, NULL, NULL, NULL, NULL, NULL)
INSERT [dbo].[user_shift] ([user_shift_id], [user_id], [shift_id], [start_time], [end_time], [is_holiday], [is_weekend], [is_checked_in], [is_checked_out], [check_in_time], [check_out_time], [is_checked_in_late], [is_checked_out_late], [is_paid]) VALUES (122, 2, 2, CAST(N'2023-07-26T12:00:00.000' AS DateTime), CAST(N'2023-07-26T18:00:00.000' AS DateTime), 0, 0, 1, 1, NULL, NULL, NULL, NULL, NULL)
INSERT [dbo].[user_shift] ([user_shift_id], [user_id], [shift_id], [start_time], [end_time], [is_holiday], [is_weekend], [is_checked_in], [is_checked_out], [check_in_time], [check_out_time], [is_checked_in_late], [is_checked_out_late], [is_paid]) VALUES (123, 3, 3, CAST(N'2023-07-26T18:00:00.000' AS DateTime), CAST(N'2023-07-27T06:00:00.000' AS DateTime), 0, 0, 1, 1, NULL, NULL, NULL, NULL, NULL)
INSERT [dbo].[user_shift] ([user_shift_id], [user_id], [shift_id], [start_time], [end_time], [is_holiday], [is_weekend], [is_checked_in], [is_checked_out], [check_in_time], [check_out_time], [is_checked_in_late], [is_checked_out_late], [is_paid]) VALUES (124, 5, 4, CAST(N'2023-07-26T06:00:00.000' AS DateTime), CAST(N'2023-07-26T18:00:00.000' AS DateTime), 0, 0, 1, 1, NULL, NULL, NULL, NULL, NULL)
INSERT [dbo].[user_shift] ([user_shift_id], [user_id], [shift_id], [start_time], [end_time], [is_holiday], [is_weekend], [is_checked_in], [is_checked_out], [check_in_time], [check_out_time], [is_checked_in_late], [is_checked_out_late], [is_paid]) VALUES (125, 4, 5, CAST(N'2023-07-26T18:00:00.000' AS DateTime), CAST(N'2023-07-27T06:00:00.000' AS DateTime), 0, 0, 1, 1, NULL, NULL, NULL, NULL, NULL)
INSERT [dbo].[user_shift] ([user_shift_id], [user_id], [shift_id], [start_time], [end_time], [is_holiday], [is_weekend], [is_checked_in], [is_checked_out], [check_in_time], [check_out_time], [is_checked_in_late], [is_checked_out_late], [is_paid]) VALUES (126, 3, 1, CAST(N'2023-07-27T06:00:00.000' AS DateTime), CAST(N'2023-07-27T12:00:00.000' AS DateTime), 0, 0, 1, 1, NULL, NULL, NULL, NULL, NULL)
INSERT [dbo].[user_shift] ([user_shift_id], [user_id], [shift_id], [start_time], [end_time], [is_holiday], [is_weekend], [is_checked_in], [is_checked_out], [check_in_time], [check_out_time], [is_checked_in_late], [is_checked_out_late], [is_paid]) VALUES (127, 3, 2, CAST(N'2023-07-27T12:00:00.000' AS DateTime), CAST(N'2023-07-27T18:00:00.000' AS DateTime), 0, 0, 1, 1, NULL, NULL, NULL, NULL, NULL)
INSERT [dbo].[user_shift] ([user_shift_id], [user_id], [shift_id], [start_time], [end_time], [is_holiday], [is_weekend], [is_checked_in], [is_checked_out], [check_in_time], [check_out_time], [is_checked_in_late], [is_checked_out_late], [is_paid]) VALUES (128, 2, 3, CAST(N'2023-07-27T18:00:00.000' AS DateTime), CAST(N'2023-07-28T06:00:00.000' AS DateTime), 0, 0, 1, 1, NULL, NULL, NULL, NULL, NULL)
INSERT [dbo].[user_shift] ([user_shift_id], [user_id], [shift_id], [start_time], [end_time], [is_holiday], [is_weekend], [is_checked_in], [is_checked_out], [check_in_time], [check_out_time], [is_checked_in_late], [is_checked_out_late], [is_paid]) VALUES (129, 4, 4, CAST(N'2023-07-27T06:00:00.000' AS DateTime), CAST(N'2023-07-27T18:00:00.000' AS DateTime), 0, 0, 1, 1, NULL, NULL, NULL, NULL, NULL)
INSERT [dbo].[user_shift] ([user_shift_id], [user_id], [shift_id], [start_time], [end_time], [is_holiday], [is_weekend], [is_checked_in], [is_checked_out], [check_in_time], [check_out_time], [is_checked_in_late], [is_checked_out_late], [is_paid]) VALUES (130, 5, 5, CAST(N'2023-07-27T18:00:00.000' AS DateTime), CAST(N'2023-07-28T06:00:00.000' AS DateTime), 0, 0, 1, 1, NULL, NULL, NULL, NULL, NULL)
INSERT [dbo].[user_shift] ([user_shift_id], [user_id], [shift_id], [start_time], [end_time], [is_holiday], [is_weekend], [is_checked_in], [is_checked_out], [check_in_time], [check_out_time], [is_checked_in_late], [is_checked_out_late], [is_paid]) VALUES (131, 2, 1, CAST(N'2023-07-28T06:00:00.000' AS DateTime), CAST(N'2023-07-28T12:00:00.000' AS DateTime), 0, 0, 1, 1, NULL, NULL, NULL, NULL, NULL)
INSERT [dbo].[user_shift] ([user_shift_id], [user_id], [shift_id], [start_time], [end_time], [is_holiday], [is_weekend], [is_checked_in], [is_checked_out], [check_in_time], [check_out_time], [is_checked_in_late], [is_checked_out_late], [is_paid]) VALUES (132, 2, 2, CAST(N'2023-07-28T12:00:00.000' AS DateTime), CAST(N'2023-07-28T18:00:00.000' AS DateTime), 0, 0, 1, 1, NULL, NULL, NULL, NULL, NULL)
INSERT [dbo].[user_shift] ([user_shift_id], [user_id], [shift_id], [start_time], [end_time], [is_holiday], [is_weekend], [is_checked_in], [is_checked_out], [check_in_time], [check_out_time], [is_checked_in_late], [is_checked_out_late], [is_paid]) VALUES (133, 3, 3, CAST(N'2023-07-28T18:00:00.000' AS DateTime), CAST(N'2023-07-29T06:00:00.000' AS DateTime), 0, 0, 1, 1, NULL, NULL, NULL, NULL, NULL)
INSERT [dbo].[user_shift] ([user_shift_id], [user_id], [shift_id], [start_time], [end_time], [is_holiday], [is_weekend], [is_checked_in], [is_checked_out], [check_in_time], [check_out_time], [is_checked_in_late], [is_checked_out_late], [is_paid]) VALUES (134, 4, 4, CAST(N'2023-07-28T06:00:00.000' AS DateTime), CAST(N'2023-07-28T18:00:00.000' AS DateTime), 0, 0, 1, 1, NULL, NULL, NULL, NULL, NULL)
INSERT [dbo].[user_shift] ([user_shift_id], [user_id], [shift_id], [start_time], [end_time], [is_holiday], [is_weekend], [is_checked_in], [is_checked_out], [check_in_time], [check_out_time], [is_checked_in_late], [is_checked_out_late], [is_paid]) VALUES (135, 5, 5, CAST(N'2023-07-28T18:00:00.000' AS DateTime), CAST(N'2023-07-29T06:00:00.000' AS DateTime), 0, 0, 1, 1, NULL, NULL, NULL, NULL, NULL)
INSERT [dbo].[user_shift] ([user_shift_id], [user_id], [shift_id], [start_time], [end_time], [is_holiday], [is_weekend], [is_checked_in], [is_checked_out], [check_in_time], [check_out_time], [is_checked_in_late], [is_checked_out_late], [is_paid]) VALUES (136, 3, 1, CAST(N'2023-07-29T06:00:00.000' AS DateTime), CAST(N'2023-07-29T12:00:00.000' AS DateTime), 0, 1, 1, NULL, NULL, 1, NULL, NULL, NULL)
INSERT [dbo].[user_shift] ([user_shift_id], [user_id], [shift_id], [start_time], [end_time], [is_holiday], [is_weekend], [is_checked_in], [is_checked_out], [check_in_time], [check_out_time], [is_checked_in_late], [is_checked_out_late], [is_paid]) VALUES (137, 3, 2, CAST(N'2023-07-29T12:00:00.000' AS DateTime), CAST(N'2023-07-29T18:00:00.000' AS DateTime), 0, 1, NULL, 1, 1, NULL, NULL, NULL, NULL)
INSERT [dbo].[user_shift] ([user_shift_id], [user_id], [shift_id], [start_time], [end_time], [is_holiday], [is_weekend], [is_checked_in], [is_checked_out], [check_in_time], [check_out_time], [is_checked_in_late], [is_checked_out_late], [is_paid]) VALUES (138, 2, 3, CAST(N'2023-07-29T18:00:00.000' AS DateTime), CAST(N'2023-07-30T06:00:00.000' AS DateTime), 0, 1, NULL, NULL, 1, 1, NULL, NULL, NULL)
INSERT [dbo].[user_shift] ([user_shift_id], [user_id], [shift_id], [start_time], [end_time], [is_holiday], [is_weekend], [is_checked_in], [is_checked_out], [check_in_time], [check_out_time], [is_checked_in_late], [is_checked_out_late], [is_paid]) VALUES (139, 4, 4, CAST(N'2023-07-29T06:00:00.000' AS DateTime), CAST(N'2023-07-29T18:00:00.000' AS DateTime), 0, 1, 1, 1, NULL, NULL, NULL, NULL, NULL)
INSERT [dbo].[user_shift] ([user_shift_id], [user_id], [shift_id], [start_time], [end_time], [is_holiday], [is_weekend], [is_checked_in], [is_checked_out], [check_in_time], [check_out_time], [is_checked_in_late], [is_checked_out_late], [is_paid]) VALUES (140, 5, 5, CAST(N'2023-07-29T18:00:00.000' AS DateTime), CAST(N'2023-07-30T06:00:00.000' AS DateTime), 0, 1, NULL, NULL, NULL, NULL, NULL, NULL, NULL)
INSERT [dbo].[user_shift] ([user_shift_id], [user_id], [shift_id], [start_time], [end_time], [is_holiday], [is_weekend], [is_checked_in], [is_checked_out], [check_in_time], [check_out_time], [is_checked_in_late], [is_checked_out_late], [is_paid]) VALUES (141, 2, 1, CAST(N'2023-07-30T06:00:00.000' AS DateTime), CAST(N'2023-07-30T12:00:00.000' AS DateTime), 0, 1, NULL, NULL, NULL, NULL, NULL, NULL, NULL)
INSERT [dbo].[user_shift] ([user_shift_id], [user_id], [shift_id], [start_time], [end_time], [is_holiday], [is_weekend], [is_checked_in], [is_checked_out], [check_in_time], [check_out_time], [is_checked_in_late], [is_checked_out_late], [is_paid]) VALUES (142, 2, 2, CAST(N'2023-07-30T12:00:00.000' AS DateTime), CAST(N'2023-07-30T18:00:00.000' AS DateTime), 0, 1, NULL, NULL, NULL, NULL, NULL, NULL, NULL)
INSERT [dbo].[user_shift] ([user_shift_id], [user_id], [shift_id], [start_time], [end_time], [is_holiday], [is_weekend], [is_checked_in], [is_checked_out], [check_in_time], [check_out_time], [is_checked_in_late], [is_checked_out_late], [is_paid]) VALUES (143, 3, 3, CAST(N'2023-07-30T18:00:00.000' AS DateTime), CAST(N'2023-07-31T06:00:00.000' AS DateTime), 0, 1, NULL, NULL, NULL, NULL, NULL, NULL, NULL)
INSERT [dbo].[user_shift] ([user_shift_id], [user_id], [shift_id], [start_time], [end_time], [is_holiday], [is_weekend], [is_checked_in], [is_checked_out], [check_in_time], [check_out_time], [is_checked_in_late], [is_checked_out_late], [is_paid]) VALUES (144, 4, 4, CAST(N'2023-07-30T06:00:00.000' AS DateTime), CAST(N'2023-07-30T18:00:00.000' AS DateTime), 0, 1, NULL, NULL, NULL, NULL, NULL, NULL, NULL)
INSERT [dbo].[user_shift] ([user_shift_id], [user_id], [shift_id], [start_time], [end_time], [is_holiday], [is_weekend], [is_checked_in], [is_checked_out], [check_in_time], [check_out_time], [is_checked_in_late], [is_checked_out_late], [is_paid]) VALUES (145, 5, 5, CAST(N'2023-07-30T18:00:00.000' AS DateTime), CAST(N'2023-07-31T06:00:00.000' AS DateTime), 0, 1, NULL, NULL, NULL, NULL, NULL, NULL, NULL)
SET IDENTITY_INSERT [dbo].[user_shift] OFF
GO
--insert into [dbo].[ticket] values(3,'2023-06-27','2023-06-28',null,'nghi phep','bi om',1)
--insert into [dbo].[shift_request] values(3,1,0)

